{
  "mae_val": 0.24867577850818634,
  "mae_test": 0.2423446625471115,
  "mae_val_real": 1.1349091529846191,
  "mae_test_real": 1.1060148477554321,
  "selected_indices": [
    19097,
    28872,
    18407,
    24086,
    6702,
    3128,
    5540,
    28973,
    35395,
    24379,
    133,
    30739,
    13019,
    5215,
    6756,
    37902,
    28455,
    34337,
    15634,
    8016,
    12391,
    1185,
    4137,
    14047,
    14295,
    27632,
    26864,
    21996,
    28924,
    22370,
    18255,
    180,
    23955,
    27660,
    25632,
    7044,
    1397,
    14459,
    4346,
    28454,
    5545,
    41054,
    20784,
    28972,
    1038,
    7610,
    41312,
    6445,
    38431,
    31545,
    18052,
    17263,
    19225,
    1089,
    3159,
    35646,
    17586,
    31661,
    25803,
    7107,
    15296,
    39610,
    17756,
    1904,
    18548,
    33131,
    5401,
    33494,
    26489,
    10628,
    30194,
    27907,
    30787,
    1066,
    28598,
    17131,
    12687,
    2024,
    15321,
    24706,
    30477,
    36990,
    3057,
    19446,
    20591,
    4395,
    28647,
    3684,
    20339,
    14458
  ],
  "n_selected": 90,
  "alpha": 0.0014056595079904829,
  "mae_test_xgboost": 1.0902494192123413,
  "n_features_constraint": 90
}